,Id,SalePrice
0,1461,122275.81776242581
1,1462,161809.4709539238
2,1463,180373.82719599336
3,1464,193257.80328899424
4,1465,194544.02693607923
5,1466,175336.86548350748
6,1467,178458.5678936978
7,1468,168422.91826209665
8,1469,188780.96906429023
9,1470,121265.13648288845
10,1471,201496.87500691722
11,1472,96072.27502261776
12,1473,96258.3335043201
13,1474,153809.93041531762
14,1475,128360.24034102057
15,1476,379154.03150171076
16,1477,256354.36170401683
17,1478,286201.85471489525
18,1479,271885.35073902
19,1480,444422.1355581402
20,1481,336780.20109508815
21,1482,204442.65058296616
22,1483,176053.1601812203
23,1484,169417.02356001138
24,1485,184465.1890701511
25,1486,193182.8836540915
26,1487,336560.8286753761
27,1488,232280.9452047925
28,1489,195515.3649107196
29,1490,220904.62009582596
30,1491,191082.1189488766
31,1492,92837.91627035516
32,1493,183869.3857932035
33,1494,285888.5908763609
34,1495,298406.2215356038
35,1496,233274.15285661473
36,1497,182672.42479149267
37,1498,167050.19627947276
38,1499,161832.16606878187
39,1500,149445.32637774723
40,1501,170205.81332548146
41,1502,155474.96364217476
42,1503,286962.329006207
43,1504,236923.23314466226
44,1505,219709.0424900827
45,1506,182197.45002886574
46,1507,236493.91254549773
47,1508,195351.8410351906
48,1509,165332.0424311505
49,1510,143237.40165511743
50,1511,148255.2936421287
51,1512,174319.97853151214
52,1513,145371.20989736548
53,1514,150429.89404577107
54,1515,187233.84260187435
55,1516,152885.01970585837
56,1517,158899.78567699803
57,1518,130232.52977392738
58,1519,218530.77804773903
59,1520,132154.1464313283
60,1521,132213.87442768717
61,1522,167543.28976126667
62,1523,116468.43180980124
63,1524,123161.45943784573
64,1525,125731.29127511817
65,1526,113627.92241086667
66,1527,101587.980789919
67,1528,133772.12030810228
68,1529,147785.397573043
69,1530,180992.059335149
70,1531,104414.3343993469
71,1532,100100.80202062111
72,1533,144496.14716423355
73,1534,121996.5017030299
74,1535,155757.82489174604
75,1536,108948.99775432104
76,1537,60802.08222985096
77,1538,155059.6522260717
78,1539,190225.390162198
79,1540,91878.93769664553
80,1541,142775.0765498611
81,1542,135486.47659531495
82,1543,216713.92058020935
83,1544,79125.20374666952
84,1545,102117.68812268479
85,1546,126119.45016530203
86,1547,135039.92366114657
87,1548,131951.28752407653
88,1549,112725.93566573202
89,1550,135772.01343232227
90,1551,111890.14971739858
91,1552,132348.99031995708
92,1553,149288.54116739653
93,1554,115300.35809237623
94,1555,156918.27043890185
95,1556,84958.26072351917
96,1557,116349.77029680747
97,1558,89899.68883149767
98,1559,74330.04889137551
99,1560,132939.02081322737
100,1561,130767.24580506868
101,1562,128462.10410967567
102,1563,123008.63437679119
103,1564,160513.9345836625
104,1565,146709.04682906493
105,1566,225279.57861154413
106,1567,73718.16044021033
107,1568,222475.61900248198
108,1569,136389.41151287194
109,1570,136947.0669459161
110,1571,117605.06800480613
111,1572,145070.8364496822
112,1573,246432.26291519738
113,1574,115744.76735512848
114,1575,221711.35441157967
115,1576,229094.96415448716
116,1577,192910.3540675075
117,1578,146764.46648480566
118,1579,144752.5309051039
119,1580,190201.33428123093
120,1581,148770.44446614129
121,1582,131095.24265406965
122,1583,326722.05873781315
123,1584,229922.79033454732
124,1585,142103.1467592737
125,1586,71168.34054823424
126,1587,101068.41419643332
127,1588,151017.12725103332
128,1589,96310.29852251968
129,1590,135122.27796524184
130,1591,100658.19456429039
131,1592,116627.30098059302
132,1593,124875.51858909898
133,1594,131503.2555096837
134,1595,115437.14248409294
135,1596,246598.7437738148
136,1597,181072.44079933164
137,1598,206829.32045986972
138,1599,167855.20360371275
139,1600,166365.3315314619
140,1601,65845.16957467691
141,1602,107843.18960290696
142,1603,76680.96237936654
143,1604,259454.04235307628
144,1605,246815.94429663997
145,1606,169795.65151274874
146,1607,158048.61066080318
147,1608,213350.48653096106
148,1609,187654.41692881615
149,1610,149185.2754874807
150,1611,138929.67833589317
151,1612,170292.72851226822
152,1613,158827.89868073075
153,1614,125904.13844609348
154,1615,89205.05479928746
155,1616,75083.2078445253
156,1617,93354.51337802115
157,1618,129869.79172205877
158,1619,138626.21961709866
159,1620,151680.85104626897
160,1621,134353.1586995863
161,1622,141244.67704222084
162,1623,281019.8150145106
163,1624,211526.97105538423
164,1625,122096.9811692644
165,1626,160203.1720560356
166,1627,185082.5096307516
167,1628,280270.0151557734
168,1629,180885.38933518901
169,1630,337912.3465979063
170,1631,209781.22133578378
171,1632,239188.2515165073
172,1633,175019.6509241065
173,1634,189901.1021247013
174,1635,179152.4584339448
175,1636,158395.4035210214
176,1637,189401.1688210595
177,1638,191546.836076768
178,1639,181240.53570535607
179,1640,274247.67172003846
180,1641,178779.77954316483
181,1642,227782.2107937631
182,1643,222149.19769232417
183,1644,226999.68696886543
184,1645,192397.52914160272
185,1646,160429.85347162787
186,1647,158054.2556964147
187,1648,133443.36937631792
188,1649,138203.8212584008
189,1650,113560.34610253002
190,1651,122604.22212060161
191,1652,96249.76196668821
192,1653,99143.69174809432
193,1654,153269.98223561211
194,1655,148158.70618552796
195,1656,147408.31891384796
196,1657,152472.88930231624
197,1658,152579.75807703068
198,1659,136804.41611679134
199,1660,145427.63801770256
200,1661,440454.4609059809
201,1662,408289.58524822386
202,1663,387214.11075152847
203,1664,403141.3041085291
204,1665,305571.0177241059
205,1666,321408.10654273746
206,1667,372556.24756524997
207,1668,326683.82684325834
208,1669,300431.36467927176
209,1670,338758.8899186935
210,1671,267854.46868521406
211,1672,442847.041461294
212,1673,293035.4971733214
213,1674,240042.70346504083
214,1675,189987.68953267348
215,1676,189360.13049798197
216,1677,219010.1127222633
217,1678,457110.1217126927
218,1679,393473.60245973634
219,1680,335268.44092953077
220,1681,236686.98250494598
221,1682,300746.5545009656
222,1683,179945.78797482172
223,1684,171115.11806411092
224,1685,172706.15611230867
225,1686,172087.94297679557
226,1687,172354.09638378324
227,1688,186079.08061193887
228,1689,188535.11394573
229,1690,191620.17793127726
230,1691,184613.32049499103
231,1692,257262.2631424682
232,1693,174994.50218661196
233,1694,184238.10272292618
234,1695,168035.7484460184
235,1696,272616.4390627787
236,1697,169722.72828858646
237,1698,356701.48734591296
238,1699,325544.1841161226
239,1700,247184.52784059677
240,1701,263982.84107178444
241,1702,249569.83508140608
242,1703,249586.86124134337
243,1704,286050.75583084795
244,1705,227898.14457755245
245,1706,401674.9809625346
246,1707,215276.86008088395
247,1708,208590.84828651472
248,1709,276752.77058886364
249,1710,216253.4235115866
250,1711,252627.12745483266
251,1712,259235.16696377695
252,1713,264944.07902652916
253,1714,226034.74677022765
254,1715,200592.4542682296
255,1716,184421.38130962432
256,1717,172995.0844607082
257,1718,136966.17809581527
258,1719,200837.3613824368
259,1720,247747.67929516893
260,1721,163055.8076069446
261,1722,123534.34138557124
262,1723,154243.99821002773
263,1724,212893.53437494946
264,1725,242564.45915715705
265,1726,190689.9112933691
266,1727,163706.6585071081
267,1728,181098.23995688974
268,1729,168146.54814762904
269,1730,152647.9617411274
270,1731,121296.31972064337
271,1732,130514.92876456305
272,1733,117068.06403609346
273,1734,115482.59716838265
274,1735,135177.48872570935
275,1736,114020.26621402265
276,1737,331465.4159434504
277,1738,222861.30954821198
278,1739,284908.92177628883
279,1740,214891.72249959526
280,1741,191607.12819861918
281,1742,170113.49694151594
282,1743,172290.48710962513
283,1744,306476.14313396113
284,1745,234619.1878211497
285,1746,181513.00173892104
286,1747,216793.2859650504
287,1748,229867.06947566103
288,1749,151847.7423610629
289,1750,123680.25346528112
290,1751,262811.11394893064
291,1752,119602.2145378113
292,1753,142273.05421606498
293,1754,196267.85452355913
294,1755,166029.9281804545
295,1756,129573.54584848847
296,1757,121705.43175100922
297,1758,143813.0468948648
298,1759,162379.70200402508
299,1760,168702.8151646063
300,1761,138115.0325747285
301,1762,173170.72422967266
302,1763,179574.0029165044
303,1764,117983.96863398311
304,1765,156760.93364938468
305,1766,179382.42132596156
306,1767,216769.12214072372
307,1768,144411.40801211668
308,1769,176545.62683937832
309,1770,144723.59963883163
310,1771,122957.97447741413
311,1772,137588.98792283467
312,1773,131794.5559976429
313,1774,131157.75302499617
314,1775,138714.7820928171
315,1776,125210.3574773919
316,1777,110803.17379195243
317,1778,142396.80310571194
318,1779,111575.99814622168
319,1780,176019.3261076281
320,1781,129223.20775913917
321,1782,91725.48589726318
322,1783,137819.21810476988
323,1784,102057.0405949456
324,1785,122575.42917451155
325,1786,142068.09954920053
326,1787,164903.9091826825
327,1788,56100.83084735199
328,1789,96757.86413570217
329,1790,79845.72909279517
330,1791,179683.03635716907
331,1792,155159.83122300787
332,1793,134862.63597166436
333,1794,150395.0318738938
334,1795,132725.810795727
335,1796,122086.09882686613
336,1797,114112.77697353173
337,1798,128621.37719305756
338,1799,112768.38015744858
339,1800,133789.9892372617
340,1801,130951.22033931229
341,1802,126037.0514947947
342,1803,147868.62321672682
343,1804,146541.85429560204
344,1805,138333.08380823716
345,1806,122979.60873817538
346,1807,130260.63955387277
347,1808,116443.70432179727
348,1809,116752.29825099354
349,1810,143090.28750299886
350,1811,99704.08385898409
351,1812,100065.6126364865
352,1813,124059.43899925466
353,1814,96395.58864539646
354,1815,51954.76173549772
355,1816,101426.00820475224
356,1817,102720.0820877477
357,1818,141513.31708405714
358,1819,124234.33832072439
359,1820,54738.89623036532
360,1821,108398.46831261578
361,1822,146338.3831260638
362,1823,41717.5367990234
363,1824,142012.32144816505
364,1825,131306.42982923644
365,1826,101857.87247207473
366,1827,101941.15657379065
367,1828,133416.78347309277
368,1829,116521.7215063722
369,1830,137492.65105836012
370,1831,146540.1662261298
371,1832,82003.86750536237
372,1833,135749.45401336963
373,1834,120178.02333020013
374,1835,132613.85131747506
375,1836,125013.5417429849
376,1837,88765.18067762491
377,1838,126486.04763850855
378,1839,90958.12389055027
379,1840,153133.69031749544
380,1841,141893.70016541803
381,1842,82146.39173966616
382,1843,128297.70020608148
383,1844,135734.00457660973
384,1845,136150.6039319997
385,1846,155513.63749234373
386,1847,158161.3548828683
387,1848,55188.57494136324
388,1849,103429.88917737214
389,1850,118323.61765874135
390,1851,149135.61510058068
391,1852,128803.96466705661
392,1853,133342.3401686672
393,1854,168228.88558797515
394,1855,148696.82480098767
395,1856,225930.5605948251
396,1857,136503.08898117705
397,1858,143537.6123778795
398,1859,118229.4492899537
399,1860,156093.52478821267
400,1861,117306.44097335097
401,1862,324358.45286025206
402,1863,314598.60750867426
403,1864,314665.9114554286
404,1865,320219.540579384
405,1866,332745.2990071171
406,1867,232944.4125544616
407,1868,299678.4253443261
408,1869,206032.68602821522
409,1870,232071.4062007806
410,1871,246229.95114867273
411,1872,169653.37958873907
412,1873,241058.5347414087
413,1874,141711.52667630697
414,1875,195212.58334771325
415,1876,192451.61375666765
416,1877,207334.92892064736
417,1878,204243.16644065338
418,1879,133968.96159487191
419,1880,137580.44767828524
420,1881,239584.3003963911
421,1882,249755.21387613032
422,1883,192095.87795068845
423,1884,203330.8137573492
424,1885,235467.58659624285
425,1886,298134.73074865044
426,1887,206374.6081679092
427,1888,274780.97558376205
428,1889,153548.94313775797
429,1890,128866.66967356407
430,1891,137127.3719877368
431,1892,106031.79048723105
432,1893,131015.76714457815
433,1894,123442.80802876214
434,1895,134704.89773369988
435,1896,125101.48720136713
436,1897,105381.6482866375
437,1898,109002.49106749428
438,1899,153170.4888030116
439,1900,153439.98854469293
440,1901,170682.06236104676
441,1902,145407.2441752192
442,1903,216757.2381979247
443,1904,142376.08433489988
444,1905,191601.71459438646
445,1906,153461.94203671426
446,1907,187332.69188983727
447,1908,108979.29516277867
448,1909,136459.10932758363
449,1910,121197.01550014812
450,1911,210001.86981883596
451,1912,326963.57977369113
452,1913,149730.04394873575
453,1914,55612.898751458466
454,1915,300227.1425135506
455,1916,68999.72281019096
456,1917,261341.0191938237
457,1918,140031.55176394436
458,1919,170073.06157792953
459,1920,145367.90218141573
460,1921,427380.9536132511
461,1922,314736.34527084004
462,1923,225511.59865898808
463,1924,234277.6867153182
464,1925,200049.72837875065
465,1926,387225.0804949482
466,1927,135598.7965942435
467,1928,155549.68166705975
468,1929,124513.35080471054
469,1930,124350.66034873013
470,1931,143324.84516953188
471,1932,138380.92968362675
472,1933,174644.88391262028
473,1934,176794.5502218807
474,1935,173010.14279750077
475,1936,187154.47120103348
476,1937,184007.59855923682
477,1938,172615.31078016377
478,1939,245001.99400995634
479,1940,191114.2282371997
480,1941,171569.7444777231
481,1942,187891.32727877272
482,1943,204920.57079489788
483,1944,356408.32082668936
484,1945,382400.64247531345
485,1946,152306.87282539057
486,1947,297978.09609560895
487,1948,163763.3942435236
488,1949,246022.97337037593
489,1950,184679.50764609737
490,1951,267208.4954174484
491,1952,230761.1874010046
492,1953,169313.24943260674
493,1954,183372.1593511191
494,1955,132398.6793981426
495,1956,308131.80382233544
496,1957,152371.64740807517
497,1958,300733.8774868571
498,1959,144176.33431147592
499,1960,115325.39087549406
500,1961,121986.75671450129
501,1962,95515.0296195694
502,1963,101305.40942390595
503,1964,109588.46199630701
504,1965,152450.29583248362
505,1966,144899.30518742543
506,1967,283481.1273004368
507,1968,446656.22644791636
508,1969,400400.6838565943
509,1970,455985.23358735564
510,1971,436988.6697190259
511,1972,388913.0679163543
512,1973,269616.14426812116
513,1974,319102.075807388
514,1975,487168.8119470414
515,1976,263524.27157144237
516,1977,350842.6248298756
517,1978,371317.6588450291
518,1979,335507.11926128407
519,1980,196848.17041074243
520,1981,331923.40185359085
521,1982,219307.18421308417
522,1983,205638.7440961284
523,1984,173509.84461837242
524,1985,218480.81215006017
525,1986,205554.56331742555
526,1987,182338.7151300278
527,1988,177781.60449800547
528,1989,191702.86064674874
529,1990,210951.06475978813
530,1991,240025.44732233253
531,1992,209307.80988971374
532,1993,168790.5977333583
533,1994,230546.478507977
534,1995,183858.49139405027
535,1996,248956.12919389972
536,1997,314548.0446510921
537,1998,326956.14595362666
538,1999,261356.119531151
539,2000,319293.3051891783
540,2001,262256.5580321511
541,2002,244822.15914362436
542,2003,257243.1235704683
543,2004,264561.95394712617
544,2005,221111.24535422778
545,2006,230924.19133825408
546,2007,250630.37089314297
547,2008,212438.6252885318
548,2009,194898.60160423734
549,2010,195913.83413954917
550,2011,144140.6888903826
551,2012,176353.7807762383
552,2013,182291.05420746005
553,2014,188881.41836245434
554,2015,210600.98974667376
555,2016,194040.12800295991
556,2017,197616.50479775804
557,2018,122559.18628195868
558,2019,135124.11064703963
559,2020,110082.3946351895
560,2021,113884.5364060273
561,2022,175375.9304615358
562,2023,145059.59982108604
563,2024,248559.65519810276
564,2025,338595.53683065035
565,2026,177974.57987602794
566,2027,149927.807259275
567,2028,152945.89253844632
568,2029,167701.86480926623
569,2030,264255.7511735934
570,2031,225650.0890934531
571,2032,243529.36050247806
572,2033,260003.7559554298
573,2034,166868.17989043496
574,2035,202660.33053539152
575,2036,196209.71361726747
576,2037,199604.78125956794
577,2038,301969.8318869361
578,2039,212132.38721423497
579,2040,325500.44486436865
580,2041,282762.3245097055
581,2042,196166.79733628329
582,2043,173932.89845416666
583,2044,163293.18936905384
584,2045,228216.56417086424
585,2046,138708.4156520756
586,2047,143686.0313871311
587,2048,139806.19753581728
588,2049,136184.2167277337
589,2050,184484.86236020466
590,2051,107094.69024352028
591,2052,131316.64853700652
592,2053,143969.3076165368
593,2054,87343.79404206848
594,2055,156916.52411462803
595,2056,139527.22636511485
596,2057,118322.76973363425
597,2058,221775.0377210772
598,2059,131193.6526847906
599,2060,174516.2755277012
600,2061,176068.60997941473
601,2062,130390.15773219494
602,2063,115407.90875853297
603,2064,138812.57094861523
604,2065,119734.06530813106
605,2066,162866.36770255136
606,2067,99876.49015366072
607,2068,133587.27646125742
608,2069,87278.28211739699
609,2070,116574.37950619182
610,2071,95388.18216890038
611,2072,136710.92630580714
612,2073,133911.29296170644
613,2074,182303.20853251006
614,2075,145804.83243570616
615,2076,117050.3871543462
616,2077,155362.78610147294
617,2078,127261.22354555714
618,2079,138008.0470695611
619,2080,119788.588363993
620,2081,126444.93005461757
621,2082,122455.48988191377
622,2083,147853.1487224826
623,2084,113947.44420400471
624,2085,119824.42666635202
625,2086,99600.2191791732
626,2087,122345.08338483125
627,2088,92170.06811225253
628,2089,79877.82931192538
629,2090,130632.99325399894
630,2091,115264.60888196978
631,2092,119551.5739772568
632,2093,122589.96925849808
633,2094,116315.27787879299
634,2095,150401.16003284138
635,2096,78339.1705351682
636,2097,97870.84766075597
637,2098,145775.07395435745
638,2099,57570.539510961506
639,2100,76414.87039230697
640,2101,117979.76895892093
641,2102,125023.84991424414
642,2103,105899.08891903449
643,2104,127800.87354895867
644,2105,121101.60364722114
645,2106,62288.36652470615
646,2107,209241.1558967794
647,2108,113881.53732344454
648,2109,112088.61658991888
649,2110,130358.13990415726
650,2111,139228.01566055272
651,2112,138982.44815253132
652,2113,124457.8203614161
653,2114,109539.26971831161
654,2115,162414.30615196424
655,2116,119473.8225293055
656,2117,146738.34811489083
657,2118,122581.37150529334
658,2119,108911.94750826013
659,2120,113555.6395303588
660,2121,99136.1631617332
661,2122,106194.83019904229
662,2123,87310.19850293583
663,2124,160626.67671229347
664,2125,124840.41195119811
665,2126,154016.4393334173
666,2127,144462.68666012853
667,2128,123597.66649230504
668,2129,98453.16517482756
669,2130,134944.54247804583
670,2131,146927.75978583426
671,2132,118195.30172579228
672,2133,127213.62437197057
673,2134,116773.50865797799
674,2135,98227.80409057483
675,2136,72297.69555122776
676,2137,112957.948569053
677,2138,136418.3113509006
678,2139,156104.60033951577
679,2140,138916.7518787913
680,2141,144855.74346941823
681,2142,127255.07162432284
682,2143,145444.3217501304
683,2144,118285.55403672319
684,2145,137866.80563613196
685,2146,163246.3397882171
686,2147,130052.71374952895
687,2148,136474.42253766948
688,2149,146581.55849364356
689,2150,235784.2167109859
690,2151,126509.58130799743
691,2152,168382.02166264964
692,2153,164635.98681889568
693,2154,106838.53319566319
694,2155,137293.79571941186
695,2156,262717.0165888329
696,2157,233655.85775813553
697,2158,249312.2582926889
698,2159,209960.428533428
699,2160,173540.2393034203
700,2161,242153.0541904603
701,2162,426730.9795486366
702,2163,344127.4537868535
703,2164,239390.37216130353
704,2165,184422.87502280434
705,2166,148935.61231893057
706,2167,216289.6505920087
707,2168,197908.48251173896
708,2169,194694.48170728964
709,2170,216230.37795113993
710,2171,147395.83290218693
711,2172,133132.8241938733
712,2173,160415.584347267
713,2174,233750.6313378508
714,2175,299690.02368467883
715,2176,318290.5271273171
716,2177,247079.94963243048
717,2178,208458.5975723351
718,2179,141338.96875847148
719,2180,190626.06882623234
720,2181,191453.73533417666
721,2182,227612.0243422451
722,2183,198293.0989312312
723,2184,122253.33466806365
724,2185,120473.13998981219
725,2186,146059.094025988
726,2187,156999.50614700594
727,2188,160305.01284824524
728,2189,211423.91436332214
729,2190,80081.84638545007
730,2191,82132.76466020563
731,2192,88768.65080625445
732,2193,103532.5195644228
733,2194,102969.25657636617
734,2195,111523.37921590797
735,2196,103643.93336504721
736,2197,122355.14322771197
737,2198,163953.0802254222
738,2199,176795.4414271825
739,2200,143657.59464717528
740,2201,142748.66684360182
741,2202,205289.5285641186
742,2203,141261.35214340192
743,2204,184795.6014221016
744,2205,115782.48802968042
745,2206,143439.8859300549
746,2207,217289.6972334305
747,2208,260681.65705933125
748,2209,211682.85476181595
749,2210,119804.87500577891
750,2211,116668.40911577326
751,2212,115458.01362724809
752,2213,107059.01346786121
753,2214,125298.90191829752
754,2215,103222.163724821
755,2216,142147.71249317806
756,2217,65527.21078903664
757,2218,63191.60362502936
758,2219,60897.13490280499
759,2220,62364.624334699205
760,2221,301123.4068164904
761,2222,264557.6918074492
762,2223,301406.8229698591
763,2224,207715.68037720164
764,2225,118639.56099393383
765,2226,177842.21020529853
766,2227,196659.56379360807
767,2228,268601.7691168459
768,2229,242600.04306193485
769,2230,148345.67816178084
770,2231,209756.403145942
771,2232,175072.81429467883
772,2233,180386.4801920652
773,2234,237629.34569782583
774,2235,216380.9495865501
775,2236,269985.3715716203
776,2237,335200.43422228715
777,2238,197220.08298209397
778,2239,109545.58381579629
779,2240,158430.43277664675
780,2241,154066.68854563832
781,2242,130778.48941712426
782,2243,124465.18090130578
783,2244,105306.65705616304
784,2245,100202.4271266412
785,2246,140845.2682031701
786,2247,108729.53185069982
787,2248,128199.29348900821
788,2249,129697.31791868013
789,2250,134694.22537973744
790,2251,107805.9145563095
791,2252,170038.75403600687
792,2253,149021.83983863043
793,2254,175100.98544802802
794,2255,186005.28840783078
795,2256,179458.28225294754
796,2257,202478.23730135392
797,2258,169352.73260366055
798,2259,179371.354101864
799,2260,154696.54319140498
800,2261,187270.34546879228
801,2262,210858.80771808
802,2263,356579.83398427523
803,2264,423541.92495955416
804,2265,163767.27224540437
805,2266,291464.78360086173
806,2267,366990.1542339479
807,2268,392959.8180276936
808,2269,149761.87335485095
809,2270,188083.05578168776
810,2271,231155.63329852774
811,2272,201930.65560211925
812,2273,170218.3832477135
813,2274,179989.97253199675
814,2275,157250.60813706706
815,2276,195444.36977895966
816,2277,179481.7828236343
817,2278,149781.2879962934
818,2279,130075.3330543147
819,2280,120860.926445678
820,2281,170287.96098049008
821,2282,190969.61571782143
822,2283,104952.59699700859
823,2284,112764.20843202942
824,2285,148634.6039260253
825,2286,123325.46032547613
826,2287,351082.73492040054
827,2288,268675.1184340402
828,2289,388233.28217182984
829,2290,450764.0838365839
830,2291,325573.8779530939
831,2292,420980.9423764629
832,2293,417964.14524962043
833,2294,428165.8689853443
834,2295,456375.8668097715
835,2296,267465.65715855407
836,2297,322052.96965201414
837,2298,318781.2838734569
838,2299,374352.94526400475
839,2300,331256.92030825
840,2301,277070.63087763236
841,2302,243183.38880266363
842,2303,245034.34598638333
843,2304,244198.52109673605
844,2305,185930.05519949316
845,2306,185306.7998649846
846,2307,192278.3016730237
847,2308,226655.9441843473
848,2309,271597.04959807365
849,2310,206508.76580916852
850,2311,197244.96133041303
851,2312,172433.89025668043
852,2313,174093.69036069387
853,2314,171063.30731324968
854,2315,173734.82762419755
855,2316,183701.249315889
856,2317,192564.79745508078
857,2318,178520.78366304116
858,2319,178597.2360805385
859,2320,191216.01018234805
860,2321,243143.59163682302
861,2322,177420.4413591755
862,2323,187224.30752498895
863,2324,175566.5028371352
864,2325,215350.66024337563
865,2326,172346.7540702884
866,2327,207137.98819918378
867,2328,223538.86207329575
868,2329,188624.20434367115
869,2330,178856.63982633033
870,2331,360211.64200330834
871,2332,400267.2616016845
872,2333,324757.7669371533
873,2334,248895.25357700302
874,2335,273191.7715082242
875,2336,335284.03358635906
876,2337,206818.29074052034
877,2338,276088.65577188804
878,2339,219107.45383271543
879,2340,393246.51410024666
880,2341,222851.15335060807
881,2342,240129.3861446877
882,2343,224542.66117904207
883,2344,215594.75048111274
884,2345,238797.7639899369
885,2346,213739.53180232845
886,2347,198197.76500813878
887,2348,239810.47127662346
888,2349,169074.89459588894
889,2350,287167.9538914657
890,2351,250631.9343048089
891,2352,250937.03236668414
892,2353,231083.14798965305
893,2354,133334.96399678892
894,2355,147359.4757834206
895,2356,152322.12393850603
896,2357,194094.74361579353
897,2358,194081.79484398902
898,2359,130131.8664197556
899,2360,120763.86908016296
900,2361,141455.5301631975
901,2362,274464.60998195683
902,2363,142190.50382230384
903,2364,160605.6925516689
904,2365,217099.2599279207
905,2366,190178.49503473993
906,2367,231036.28539461488
907,2368,212423.57499620976
908,2369,226362.9924065121
909,2370,166284.0691146257
910,2371,170129.78760693394
911,2372,185800.6561673974
912,2373,281000.54153126426
913,2374,313112.9849456079
914,2375,250330.03278313394
915,2376,277828.5843473725
916,2377,366892.9397062419
917,2378,146753.15764303843
918,2379,191843.8002019229
919,2380,145908.45504429916
920,2381,164313.5931221789
921,2382,202541.62024590452
922,2383,209937.35162462285
923,2384,245829.7006314448
924,2385,164222.6684864376
925,2386,135924.19042158453
926,2387,139817.52099540996
927,2388,94863.3940316601
928,2389,128267.12930990742
929,2390,147635.68363543067
930,2391,141726.3377845016
931,2392,118096.81612673405
932,2393,166764.852601983
933,2394,143881.6312205621
934,2395,208867.90559787047
935,2396,144909.9472953188
936,2397,223281.71803559267
937,2398,131053.0345372138
938,2399,57247.05245888457
939,2400,57580.35610160575
940,2401,116811.45656014016
941,2402,137693.18674690105
942,2403,139318.79834028645
943,2404,149604.3829601018
944,2405,159423.38540833467
945,2406,142388.14181921675
946,2407,127160.01838084198
947,2408,147172.34996083667
948,2409,125397.47394118785
949,2410,167797.41869024595
950,2411,119726.1769428353
951,2412,158941.90698134076
952,2413,130199.92831132228
953,2414,139054.8065430757
954,2415,131494.9177680947
955,2416,130297.76358024911
956,2417,134091.19428287316
957,2418,131428.4674716814
958,2419,128439.03417576682
959,2420,124972.55808613324
960,2421,146636.03748234926
961,2422,112477.70666863119
962,2423,119673.50849714219
963,2424,150016.8250839329
964,2425,210093.9450715504
965,2426,122658.59654070831
966,2427,131903.9220615806
967,2428,176682.98744996183
968,2429,115435.63108376082
969,2430,129118.35292798786
970,2431,105164.79235214619
971,2432,147922.60878981094
972,2433,146754.56155927206
973,2434,138641.53944220778
974,2435,149058.3388088713
975,2436,108943.316937133
976,2437,114334.54303437423
977,2438,128581.78205149356
978,2439,108028.70553594531
979,2440,123775.82765658553
980,2441,88623.37530383517
981,2442,98626.34248339232
982,2443,123251.1029000608
983,2444,128293.08372169305
984,2445,80756.1561017428
985,2446,123187.69484868643
986,2447,177296.2882948186
987,2448,132290.48566119207
988,2449,110045.4737230823
989,2450,146135.55206447985
990,2451,124301.18724535828
991,2452,203020.47555824925
992,2453,96168.7752502001
993,2454,110581.19967669192
994,2455,110837.20732764651
995,2456,126628.40647324735
996,2457,122236.59700085263
997,2458,117177.89212884447
998,2459,112319.49420283618
999,2460,135205.86242166167
1000,2461,122241.58508627178
1001,2462,135343.91946399448
1002,2463,127042.56793426658
1003,2464,161860.98544521542
1004,2465,139866.56078823443
1005,2466,117740.84225339055
1006,2467,142443.0046786888
1007,2468,75512.56981424517
1008,2469,80734.397314155
1009,2470,184105.45924940443
1010,2471,213356.99739655363
1011,2472,158548.4254437682
1012,2473,117020.48441493562
1013,2474,79303.77409383566
1014,2475,226250.90613230199
1015,2476,114149.2063457068
1016,2477,128534.89626958151
1017,2478,150543.20148544395
1018,2479,100330.7971223945
1019,2480,145001.00356623973
1020,2481,120894.60208230163
1021,2482,130034.21969994188
1022,2483,115601.19853735321
1023,2484,123085.80888155119
1024,2485,126753.36195046444
1025,2486,149711.27975743936
1026,2487,166629.59884868583
1027,2488,166487.78260408467
1028,2489,151056.2687302512
1029,2490,144602.39220254534
1030,2491,90672.16447595041
1031,2492,182335.28909001796
1032,2493,141313.15129852173
1033,2494,144642.61511954863
1034,2495,90657.49127465529
1035,2496,255857.6903830403
1036,2497,153197.49549252845
1037,2498,111889.49944471907
1038,2499,91151.07471155457
1039,2500,126889.32954003435
1040,2501,135879.8408609308
1041,2502,147061.71858178484
1042,2503,104692.7662775197
1043,2504,180832.70075470675
1044,2505,224356.1230586164
1045,2506,255036.4217820871
1046,2507,295802.2272919402
1047,2508,255061.63841640015
1048,2509,219670.45122871944
1049,2510,221010.20717611516
1050,2511,179276.95075093303
1051,2512,207669.21935360105
1052,2513,214417.99488934677
1053,2514,246602.13619303703
1054,2515,146474.9989968457
1055,2516,162762.44927337932
1056,2517,141793.0932599746
1057,2518,147513.12401015437
1058,2519,228149.8998998184
1059,2520,207245.3237928147
1060,2521,188408.8785710035
1061,2522,222523.44346553565
1062,2523,121234.09022621452
1063,2524,135925.36838131046
1064,2525,145939.7046920961
1065,2526,143134.3188115437
1066,2527,119079.6601224067
1067,2528,126563.97077122268
1068,2529,136323.5084719141
1069,2530,119237.28452860657
1070,2531,257255.98597898346
1071,2532,223438.45525847474
1072,2533,196775.6963116894
1073,2534,235914.29699161733
1074,2535,313151.1119766563
1075,2536,233543.910523369
1076,2537,229096.2131392842
1077,2538,181578.21630953482
1078,2539,190303.41089556675
1079,2540,178168.5888236052
1080,2541,179406.44045230906
1081,2542,164522.22995160526
1082,2543,125212.76513852131
1083,2544,125008.67825831955
1084,2545,135350.27614445763
1085,2546,135265.4362168193
1086,2547,136656.7626792805
1087,2548,154926.32750071783
1088,2549,161282.97657521098
1089,2550,328437.6322429666
1090,2551,141537.46828457175
1091,2552,127961.91288590101
1092,2553,73702.29335557634
1093,2554,107691.43176440874
1094,2555,113515.36288391521
1095,2556,103949.56559408472
1096,2557,111730.9691074034
1097,2558,152215.25704316178
1098,2559,141089.17314770573
1099,2560,142781.8284361553
1100,2561,149416.53763458057
1101,2562,128868.99071681287
1102,2563,147912.59429450432
1103,2564,201130.76630951551
1104,2565,133376.8445472157
1105,2566,162759.91074982999
1106,2567,137199.3091764743
1107,2568,194065.38536786503
1108,2569,206467.14015203892
1109,2570,116992.25318318041
1110,2571,178736.35916934817
1111,2572,150849.55650609647
1112,2573,215662.97084483676
1113,2574,270832.46077067696
1114,2575,132610.79794199698
1115,2576,123740.54062814395
1116,2577,158724.9647592805
1117,2578,88620.75925008328
1118,2579,63971.87576097535
1119,2580,106164.53930433832
1120,2581,108140.2885244397
1121,2582,105755.40151932352
1122,2583,271121.51050173497
1123,2584,174186.56199622242
1124,2585,185474.45425007865
1125,2586,215432.9524093437
1126,2587,192530.99260754487
1127,2588,148118.72136459788
1128,2589,145753.8784431498
1129,2590,212172.5652007667
1130,2591,223873.80344867115
1131,2592,216887.27617186468
1132,2593,261899.51580409033
1133,2594,185829.49296649662
1134,2595,200140.29401996548
1135,2596,313036.5233716575
1136,2597,179255.86603505074
1137,2598,287689.23396954336
1138,2599,303481.60556682595
1139,2600,136327.56152078882
1140,2601,138746.5824880512
1141,2602,83474.3565576956
1142,2603,95056.82447661649
1143,2604,88236.97971382385
1144,2605,78627.0391113102
1145,2606,147321.52127493505
1146,2607,196624.29537161626
1147,2608,199280.43362332997
1148,2609,170277.00808597496
1149,2610,112560.03558192015
1150,2611,127325.53561381088
1151,2612,150629.51614464875
1152,2613,134825.24537632402
1153,2614,130431.53562230729
1154,2615,153536.4308273365
1155,2616,141845.5488353986
1156,2617,166382.84407634105
1157,2618,205579.59291563727
1158,2619,197542.83817880036
1159,2620,185163.88874014872
1160,2621,178419.32655494707
1161,2622,181366.63398250006
1162,2623,249093.5720310709
1163,2624,314440.05711119383
1164,2625,299106.18645014503
1165,2626,173841.10264656675
1166,2627,171073.25913899485
1167,2628,479422.5432402676
1168,2629,513069.97767910885
1169,2630,361842.69908816484
1170,2631,442742.1039076472
1171,2632,457061.05461356783
1172,2633,305716.73667039815
1173,2634,403055.8164104982
1174,2635,160363.73034217773
1175,2636,177572.23100791278
1176,2637,177305.30998020907
1177,2638,258682.73261228148
1178,2639,191883.94616148047
1179,2640,152902.68376284718
1180,2641,105176.02458826362
1181,2642,194638.84186152587
1182,2643,103459.4960983563
1183,2644,128641.46639054219
1184,2645,105208.70540265384
1185,2646,97396.49792739999
1186,2647,102204.54226188433
1187,2648,147863.9341386221
1188,2649,148529.19504693925
1189,2650,146010.15986084676
1190,2651,150448.58462302983
1191,2652,424072.9212920441
1192,2653,248937.31981864644
1193,2654,251688.4326523704
1194,2655,394467.53753093857
1195,2656,305385.65277233254
1196,2657,341541.1524135068
1197,2658,297136.2894367954
1198,2659,303738.06414449017
1199,2660,352163.30060902366
1200,2661,330788.1663774867
1201,2662,346200.1373971445
1202,2663,277758.2832225052
1203,2664,271798.98997095454
1204,2665,320419.4490997713
1205,2666,281054.6706299056
1206,2667,167771.20018005255
1207,2668,176509.3571995896
1208,2669,177529.54445622893
1209,2670,271333.43354580045
1210,2671,180585.89564155083
1211,2672,195347.1202762248
1212,2673,202053.15817680102
1213,2674,194155.1206471817
1214,2675,172598.7396530829
1215,2676,186750.46462046227
1216,2677,191024.00635996286
1217,2678,260458.30247124346
1218,2679,269751.20879483805
1219,2680,276906.6497291967
1220,2681,415642.63120392367
1221,2682,329128.5280342596
1222,2683,523420.29851257993
1223,2684,323496.97202793445
1224,2685,336540.9675400434
1225,2686,250640.24811863797
1226,2687,306856.7770030013
1227,2688,223854.56563832174
1228,2689,206070.79606357202
1229,2690,416999.61582582153
1230,2691,187551.4048186444
1231,2692,136188.65731557464
1232,2693,196408.34643653093
1233,2694,131978.81236509664
1234,2695,192965.6831948369
1235,2696,184029.73864055471
1236,2697,181184.68597103123
1237,2698,196537.00736924278
1238,2699,178500.1374779222
1239,2700,160944.03948724433
1240,2701,147841.94405900032
1241,2702,114026.67526589312
1242,2703,125615.74217608904
1243,2704,142498.52026004053
1244,2705,119321.58781384082
1245,2706,118809.11397559864
1246,2707,129905.54704621296
1247,2708,132681.44020060977
1248,2709,108290.98003423386
1249,2710,127489.72045896303
1250,2711,277354.02212627244
1251,2712,396933.2142581212
1252,2713,168562.26164485415
1253,2714,153795.7820312243
1254,2715,167133.44064913696
1255,2716,148582.68466773038
1256,2717,180826.77488267215
1257,2718,227113.92555473972
1258,2719,152757.03463075575
1259,2720,173605.62976942188
1260,2721,139177.07874701728
1261,2722,165203.3290457449
1262,2723,143222.03583652718
1263,2724,132590.16307830316
1264,2725,132655.34179944766
1265,2726,143110.18641715834
1266,2727,181318.16893179674
1267,2728,173229.30985248546
1268,2729,151931.19026384424
1269,2730,143621.81920000075
1270,2731,127971.1617424561
1271,2732,128296.2988766697
1272,2733,157433.13922684506
1273,2734,145248.28030323124
1274,2735,134930.04275601948
1275,2736,143167.92595757285
1276,2737,123866.95097307143
1277,2738,133816.35536244663
1278,2739,160565.07785233366
1279,2740,133442.48328326174
1280,2741,143804.21505012014
1281,2742,153802.50087421414
1282,2743,148726.89357227902
1283,2744,158661.83523206928
1284,2745,143564.22909229324
1285,2746,135599.45681728367
1286,2747,142266.1222341406
1287,2748,121563.7404602031
1288,2749,128713.46523757145
1289,2750,133445.0346998397
1290,2751,133473.67738399215
1291,2752,205233.7633117304
1292,2753,152026.86781907984
1293,2754,200503.12962491435
1294,2755,134951.0506322652
1295,2756,90882.49095490988
1296,2757,64544.74774432982
1297,2758,87629.92535647744
1298,2759,159565.73698023785
1299,2760,125199.89779855497
1300,2761,141853.29263080153
1301,2762,146785.39370936624
1302,2763,185865.6501254373
1303,2764,149144.25513844285
1304,2765,279358.7622286924
1305,2766,133053.15427707494
1306,2767,86256.48255780898
1307,2768,129254.85915472574
1308,2769,131802.54809029176
1309,2770,142731.90171834792
1310,2771,114889.47636491564
1311,2772,114019.47349234995
1312,2773,154497.34420367473
1313,2774,132887.2525963961
1314,2775,118926.28073936174
1315,2776,143178.2176813987
1316,2777,139133.92284226045
1317,2778,110060.40006615856
1318,2779,120188.35774638389
1319,2780,103671.65533374998
1320,2781,100685.72281116099
1321,2782,98338.62535355345
1322,2783,102631.06286228866
1323,2784,128214.33581257498
1324,2785,136965.93078329676
1325,2786,69135.61605638053
1326,2787,117611.87860536017
1327,2788,74015.58575602449
1328,2789,175633.69467129718
1329,2790,96531.19823538189
1330,2791,114388.96386898033
1331,2792,54465.12209662967
1332,2793,160752.5103503489
1333,2794,95364.50988399432
1334,2795,122543.67540201444
1335,2796,102486.02952868973
1336,2797,181866.1678388249
1337,2798,107174.31635592591
1338,2799,119377.2198458825
1339,2800,68730.11919982584
1340,2801,109682.86393497142
1341,2802,131048.65059745948
1342,2803,153196.9130532758
1343,2804,133185.53514767086
1344,2805,96215.6099411893
1345,2806,86655.98209905117
1346,2807,158868.99649514304
1347,2808,148112.08707425758
1348,2809,136287.71562702642
1349,2810,134392.28638250555
1350,2811,154189.32642412442
1351,2812,154436.98672630236
1352,2813,153695.18628412348
1353,2814,154611.41562567634
1354,2815,96559.8044722203
1355,2816,246604.20856039188
1356,2817,147084.60159881072
1357,2818,131176.15566464764
1358,2819,168693.522237726
1359,2820,138983.08774054193
1360,2821,105044.12079726942
1361,2822,196102.58837073974
1362,2823,289237.8957179437
1363,2824,170641.19699281553
1364,2825,135978.38398440104
1365,2826,130504.70516764802
1366,2827,134699.257104996
1367,2828,223589.05688436987
1368,2829,200612.759561045
1369,2830,225095.73341625326
1370,2831,176321.39245103765
1371,2832,240315.99040540747
1372,2833,289793.4264197223
1373,2834,212305.1230263887
1374,2835,221985.0554064999
1375,2836,188408.86490184994
1376,2837,156010.26951364492
1377,2838,148538.70894125488
1378,2839,174546.06498705986
1379,2840,194727.29382591762
1380,2841,207105.71414891287
1381,2842,227529.0778695838
1382,2843,151897.47351794687
1383,2844,161950.7481289623
1384,2845,123885.95413708212
1385,2846,209992.13351817487
1386,2847,198719.4674216612
1387,2848,212607.04923411127
1388,2849,202698.9107338674
1389,2850,282463.12383766146
1390,2851,228916.4790849707
1391,2852,232693.0208272742
1392,2853,234259.1145490829
1393,2854,142571.8584000184
1394,2855,204922.16822256366
1395,2856,203144.40104488184
1396,2857,187102.32012125282
1397,2858,204750.95832847094
1398,2859,124449.41129919833
1399,2860,128635.23509381826
1400,2861,122510.05120046504
1401,2862,185473.59214210563
1402,2863,126857.83279753214
1403,2864,242801.33606482402
1404,2865,140879.7765445663
1405,2866,134616.8571853161
1406,2867,95393.18557480471
1407,2868,98868.1473482067
1408,2869,114813.24374835663
1409,2870,124021.66172445427
1410,2871,87251.66417611887
1411,2872,51322.91594157302
1412,2873,100830.06299475949
1413,2874,134718.9930926049
1414,2875,116231.39801570695
1415,2876,165630.45528636442
1416,2877,139515.57727548416
1417,2878,166411.21824376576
1418,2879,134259.4713544719
1419,2880,106331.40315617678
1420,2881,152801.86073596825
1421,2882,168515.3442575327
1422,2883,192314.3066145955
1423,2884,198549.95485203227
1424,2885,189393.54362457292
1425,2886,213588.44870049114
1426,2887,98414.85490993032
1427,2888,139023.68951218433
1428,2889,59082.120935054816
1429,2890,81602.12402484467
1430,2891,136155.21108091396
1431,2892,44064.5755399275
1432,2893,85932.92761249303
1433,2894,47843.3955480746
1434,2895,306762.7650712059
1435,2896,275036.52648658026
1436,2897,203354.0014745821
1437,2898,148747.33427719134
1438,2899,217885.12263419587
1439,2900,159193.77354239215
1440,2901,201998.0666502033
1441,2902,188880.11640998974
1442,2903,342453.8125773149
1443,2904,345435.35143512173
1444,2905,86423.9794516075
1445,2906,195915.95037476765
1446,2907,111693.071798039
1447,2908,134589.9671175519
1448,2909,143637.45312383032
1449,2910,82064.93071339489
1450,2911,80459.56732521093
1451,2912,144031.25277393303
1452,2913,85795.99268379438
1453,2914,78369.05971775243
1454,2915,83518.12160148271
1455,2916,84904.55429995383
1456,2917,154787.1265314226
1457,2918,118393.04343120118
1458,2919,217881.45272743376
